N,cor_xm,rel,gamma_xm,raw_bias.reg_yint_est,method,par,convergence_rate,coverage,MAD,MeanSE,MedianSE,outlier_se,power,power_lrt,raw_bias,raw_rse_bias,rmse,SD,std_bias,stdMed_bias,stdMed_rse_bias,trim_bias,trim_rse_bias,type1,type1_lrt,REPLICATIONS,N_lab,gammaint_lab,cor_xm_lab,rel_lab
100,0,0.7,0.3,-0.09181435165691824,rapi,yint,1,0.9645,0.20257778567599277,0.48580064732353867,0.20671456953570716,9.950000000000001,0.22850000000000004,0.32799999999999996,0.09782175796831812,0.07404051114463628,0.4626578705043707,0.4523112883384694,0.21627087470591055,0.22496434402070678,0.020420718125188975,0.04974067070282362,-0.5062099492697706,0.2285,0.328,2000,italic(N) == 100,\beta_{xm} == 0.3,corr[XM] == 0,rho == 0.7
100,0,0.7,0.3,-0.09181435165691824,reg,yint,1,0.803,0.09916193087326944,0.08817021955701711,0.08853110181196158,1.2,0.6345000000000001,0.6234999999999999,NA,-0.1318018837144177,0.13688762044424752,0.10155541448792395,-0.9040813049690816,-0.9104824596557184,-0.10720675734818264,-0.09015045796861379,-0.1285376842654441,0.6345,0.6235,2000,italic(N) == 100,\beta_{xm} == 0.3,corr[XM] == 0,rho == 0.7
100,0,0.7,0.3,-0.09181435165691824,tspa,yint,1,0.9385,0.17440526381160676,0.21589800769060274,0.1556074504912173,7.3999999999999995,0.47150000000000003,0.5035000000000001,0.03445853262771446,-0.18587710735309626,0.26735455323807217,0.265190930804891,0.12993857868037978,0.05724825258114129,-0.10778237370573251,0.009966509635202903,-0.3947053392509141,0.4715,0.5035,2000,italic(N) == 100,\beta_{xm} == 0.3,corr[XM] == 0,rho == 0.7
100,0,0.7,0.3,-0.09181435165691824,upi,yint,1,0.874,0.21631971075100292,1.1703697641752069,0.19343596877866137,8.6,0.14149999999999996,0.254,0.028166923493040594,1.1609691562174431,0.5421915655121038,0.5415948491480648,0.052007369599891,-0.09279758376724478,-0.10578667053915458,-0.012644358183091953,-0.6243966407968398,0.1415,0.254,2000,italic(N) == 100,\beta_{xm} == 0.3,corr[XM] == 0,rho == 0.7
100,0,0.8,0.3,-0.06716483517691142,rapi,yint,1,0.964,0.14609597556842613,0.17794455273718554,0.14540064466982544,6.4,0.548,0.6315,0.025386694748386632,0.0035602419283549125,0.17907752961990367,0.1773132745825628,0.14317424799780432,0.0882845620791494,-0.0047594117216118725,0.012758280991009119,-0.16207386130382673,0.548,0.6315,2000,italic(N) == 100,\beta_{xm} == 0.3,corr[XM] == 0,rho == 0.8
100,0,0.8,0.3,-0.06716483517691142,reg,yint,1,0.862,0.09831565276806557,0.08607481577227591,0.08642690724756294,0.95,0.7304999999999999,0.7155,NA,-0.09456414411639757,0.11637807986297094,0.09506450977499303,-0.706518503444482,-0.6786114794362603,-0.12092423928211238,-0.06608668821456953,-0.09177160538103601,0.7305,0.7155,2000,italic(N) == 100,\beta_{xm} == 0.3,corr[XM] == 0,rho == 0.8
100,0,0.8,0.3,-0.06716483517691142,tspa,yint,1,0.94,0.131383767468922,0.1334592497294483,0.12509768050677145,4.55,0.6505000000000001,0.671,0.003939852148664448,-0.06717889113028963,0.14308905075767922,0.14307057211769092,0.02753782339965401,-0.04130692660022628,-0.04784523296332999,-0.0039687713966989335,-0.11388416466390994,0.6505,0.671,2000,italic(N) == 100,\beta_{xm} == 0.3,corr[XM] == 0,rho == 0.8
100,0,0.8,0.3,-0.06716483517691142,upi,yint,1,0.9225,0.15727109288621816,0.19490353385776055,0.14591015693687948,6.15,0.5,0.5615,0.013282522590078128,-0.15966891048131326,0.2322587209851301,0.23193659771578212,0.05726790304285949,-0.07238216797248852,-0.07223791569603988,-0.008597541600265934,-0.35714360448581295,0.5,0.5615,2000,italic(N) == 100,\beta_{xm} == 0.3,corr[XM] == 0,rho == 0.8
100,0,0.9,0.3,-0.0361645906525267,rapi,yint,1,0.9545,0.1082570601913372,0.11675042264001402,0.11406241246680135,2.1,0.7835,0.8109999999999999,0.005803423705578236,0.01726209916813848,0.11488723925750108,0.11476926421960099,0.05056600950646413,-0.009274595308678973,0.053625622801908523,0.001779248353422358,-0.003536184148865029,0.7835,0.811,2000,italic(N) == 100,\beta_{xm} == 0.3,corr[XM] == 0,rho == 0.9
100,0,0.9,0.3,-0.0361645906525267,reg,yint,1,0.905,0.09503997881032471,0.08336023587030637,0.08361837161478708,0.6,0.833,0.825,NA,-0.10289698828409677,0.09968942673667636,0.09292158735579532,-0.3891947143999277,-0.3927569145043601,-0.1201768701814655,-0.03493613949337493,-0.10084200424082124,0.833,0.825,2000,italic(N) == 100,\beta_{xm} == 0.3,corr[XM] == 0,rho == 0.9
100,0,0.9,0.3,-0.0361645906525267,tspa,yint,1,0.9465,0.10773483497150857,0.10805710192468262,0.10656717616224447,1.8499999999999999,0.7995,0.8125,-5.454953326872106e-4,-0.03578595534427975,0.11204085367573904,0.11206754612588661,-0.004867558464021846,-0.050176724627688275,-0.010838266096317883,-0.0034692216348303218,-0.048124786296050215,0.7995,0.8125,2000,italic(N) == 100,\beta_{xm} == 0.3,corr[XM] == 0,rho == 0.9
100,0,0.9,0.3,-0.0361645906525267,upi,yint,1,0.9395,0.1155449005046984,0.11814022222132135,0.11314758090845072,3.45,0.7805,0.8045,0.004079647804538669,-0.0749999490519544,0.1277523747507537,0.12771915212354612,0.03194233391552996,-0.052762894845462864,-0.02074794807712177,-0.0043848140449233575,-0.10853910227412555,0.7805,0.8045,2000,italic(N) == 100,\beta_{xm} == 0.3,corr[XM] == 0,rho == 0.9
100,0.3,0.7,0.3,-0.08202748408353211,rapi,yint,1,0.971,0.172487159446568,0.3956701576021553,0.19211542561901995,10.7,0.28600000000000003,0.392,0.06866448165620555,0.12609169587955726,0.35792602228814524,0.3513658426307006,0.19542161851052386,0.2248235955730452,0.11379552098504053,0.04012486474394822,-0.42369832067501456,0.286,0.392,2000,italic(N) == 100,\beta_{xm} == 0.3,corr[XM] == 0.3,rho == 0.7
100,0.3,0.7,0.3,-0.08202748408353211,reg,yint,1,0.826,0.09431399324861646,0.08522491135736006,0.08571084911326125,1.3,0.6890000000000001,0.675,NA,-0.10214308295661712,0.12543476380662222,0.09492037065104232,-0.8641715526490242,-0.8494406348197805,-0.09121810920121776,-0.08029908269702177,-0.09849141527439609,0.689,0.675,2000,italic(N) == 100,\beta_{xm} == 0.3,corr[XM] == 0.3,rho == 0.7
100,0.3,0.7,0.3,-0.08202748408353211,tspa,yint,1,0.9525,0.15539295033125486,0.1929733324688819,0.14287021673375905,7.55,0.5429999999999999,0.5820000000000001,0.02473559496615705,-0.11026668285438201,0.21824103544698026,0.21688895846675255,0.11404727626993909,0.04088494498200483,-0.08058752710982575,0.0067320869604261535,-0.3267498782593946,0.543,0.582,2000,italic(N) == 100,\beta_{xm} == 0.3,corr[XM] == 0.3,rho == 0.7
100,0.3,0.7,0.3,-0.08202748408353211,upi,yint,1,0.8895,0.20863357221191933,1.0221378070730363,0.18009966722690632,7.3999999999999995,0.19499999999999995,0.30400000000000005,0.03548226123588268,1.2304506016414862,0.45952252002030297,0.45826516234916853,0.0774273589857731,-0.08576628355995373,-0.13676564458202212,-0.009012506542179333,-0.5871033272339008,0.195,0.304,2000,italic(N) == 100,\beta_{xm} == 0.3,corr[XM] == 0.3,rho == 0.7
100,0.3,0.8,0.3,-0.053303575297559566,rapi,yint,1,0.968,0.12620727010295799,0.1930006123296502,0.13750688842177883,4.95,0.6435,0.7105,0.015843413185633603,-0.37588534647028793,0.3095674066655718,0.30923903362647465,0.05123354901170278,0.14251182690762956,0.08953222987552767,0.016619856260056354,-0.5469789072921929,0.6435,0.7105,2000,italic(N) == 100,\beta_{xm} == 0.3,corr[XM] == 0.3,rho == 0.8
100,0.3,0.8,0.3,-0.053303575297559566,reg,yint,1,0.877,0.09143708442041654,0.0826944528025343,0.08312618427908218,0.7000000000000001,0.796,0.787,NA,-0.11892475135495695,0.1079160300656425,0.0938562885856861,-0.5679275848298225,-0.5663416234850784,-0.09089200726394397,-0.05205925513500237,-0.11634713706136357,0.796,0.787,2000,italic(N) == 100,\beta_{xm} == 0.3,corr[XM] == 0.3,rho == 0.8
100,0.3,0.8,0.3,-0.053303575297559566,tspa,yint,1,0.942,0.1212141908569344,0.12414969792780675,0.11833486469465233,3.65,0.733,0.7535000000000001,0.0072325980236915815,-0.06498955237581594,0.13294262961956174,0.13277894192868656,0.05447097196764902,0.03851245507881174,-0.0237540352488963,0.001984140665732159,-0.10378099198998325,0.733,0.7535,2000,italic(N) == 100,\beta_{xm} == 0.3,corr[XM] == 0.3,rho == 0.8
100,0.3,0.8,0.3,-0.053303575297559566,upi,yint,1,0.9235,0.14580132287436365,0.15782613079119515,0.1380601132665799,5.6000000000000005,0.5815,0.648,0.018333901708776683,-0.07724491210148021,0.17197523779205703,0.17103794155243077,0.10719201565669294,0.005950567194723248,-0.053094234367505044,0.002018713707211961,-0.17404139447831746,0.5815,0.648,2000,italic(N) == 100,\beta_{xm} == 0.3,corr[XM] == 0.3,rho == 0.8
100,0.3,0.9,0.3,-0.022186189450712348,rapi,yint,1,0.961,0.10114753964351961,0.1091909359663079,0.10683027647523986,2.5,0.8455,0.8694999999999999,0.007117065731869532,0.05150508490563044,0.1040602209600201,0.10384251824717279,0.06853710649552079,0.07814558757244211,0.05618265013413337,0.006861332718412716,0.03251042603563192,0.8455,0.8695,2000,italic(N) == 100,\beta_{xm} == 0.3,corr[XM] == 0.3,rho == 0.9
100,0.3,0.9,0.3,-0.022186189450712348,reg,yint,1,0.9005,0.09219498423685084,0.0797370856194857,0.08001284571208664,0.8999999999999999,0.8895,0.8825000000000001,NA,-0.12550532200963627,0.09381897597185965,0.09118075572824051,-0.24332096475310103,-0.21154320016017553,-0.1321345041230012,-0.02044759124720269,-0.12343175278186991,0.8895,0.8825,2000,italic(N) == 100,\beta_{xm} == 0.3,corr[XM] == 0.3,rho == 0.9
100,0.3,0.9,0.3,-0.022186189450712348,tspa,yint,1,0.9465,0.09900807782364064,0.10079088591519103,0.09960896111315734,1.35,0.8565,0.8654999999999999,5.061175276779243e-4,-0.0064922731984768944,0.10142542117115182,0.10144952394046797,0.004988860548768337,-6.073696508849474e-4,0.006069032979177935,6.041901571207653e-4,-0.01741844841358753,0.8565,0.8655,2000,italic(N) == 100,\beta_{xm} == 0.3,corr[XM] == 0.3,rho == 0.9
100,0.3,0.9,0.3,-0.022186189450712348,upi,yint,1,0.947,0.10714580961252256,0.10920651178812754,0.10485719520340425,2.9499999999999997,0.8365,0.8545,0.0025713684036182526,-0.03984137303983737,0.1137386214773332,0.11373798945479721,0.022607823612357813,-0.03918233569740897,-0.02135981255258368,-0.001609591184870529,-0.06755064442790615,0.8365,0.8545,2000,italic(N) == 100,\beta_{xm} == 0.3,corr[XM] == 0.3,rho == 0.9
100,0.6,0.7,0.3,-0.04900877610227701,rapi,yint,1,0.9665,0.14738579779008973,0.38779607687648404,0.16578584828273196,8.7,0.41600000000000004,0.5349999999999999,0.05786729681855704,0.08379656876431096,0.36237338698756244,0.35781260806041226,0.1617251475073424,0.24087080183583198,0.1248427648289967,0.035596734094432536,-0.5123892744794669,0.416,0.535,2000,italic(N) == 100,\beta_{xm} == 0.3,corr[XM] == 0.6,rho == 0.7
100,0.6,0.7,0.3,-0.04900877610227701,reg,yint,1,0.8755,0.09642791152842857,0.0809582006795024,0.08135409552144143,0.6,0.8065,0.7985,NA,-0.14354134353494874,0.10645509540037777,0.09452668855452918,-0.5184649631940246,-0.48308215798149856,-0.1563221246634915,-0.04834236517821733,-0.14073984919077343,0.8065,0.7985,2000,italic(N) == 100,\beta_{xm} == 0.3,corr[XM] == 0.6,rho == 0.7
100,0.6,0.7,0.3,-0.04900877610227701,tspa,yint,1,0.95,0.13308519226914017,0.1520765419573701,0.12697669164000724,7.5,0.6799999999999999,0.714,0.03036766601887311,-0.11463762629960295,0.17438904952960824,0.1717675682576863,0.17679510938476703,0.07199164692255608,-0.045899175745860665,0.013346769838830319,-0.24565001532191566,0.68,0.714,2000,italic(N) == 100,\beta_{xm} == 0.3,corr[XM] == 0.6,rho == 0.7
100,0.6,0.7,0.3,-0.04900877610227701,upi,yint,1,0.912,0.17359442844446152,0.2837743284274005,0.1646466374134088,6.800000000000001,0.3245,0.4555,0.043145459653240396,0.08654360571261255,0.2646469881349887,0.261171596736135,0.16519966256832597,0.019584582863580235,-0.05154422933519098,0.008996020400449278,-0.3326755982264368,0.3245,0.4555,2000,italic(N) == 100,\beta_{xm} == 0.3,corr[XM] == 0.6,rho == 0.7
100,0.6,0.8,0.3,-0.01864283082160396,rapi,yint,1,0.963,0.11161282625793562,0.13095199194774942,0.12050826339285657,4.25,0.792,0.847,0.01959040941759283,0.0947975681656219,0.12117711754451922,0.11961297298747643,0.16378164448469945,0.12753329997233412,0.07969905819214484,0.015184882903009178,0.02023685200439762,0.792,0.847,2000,italic(N) == 100,\beta_{xm} == 0.3,corr[XM] == 0.6,rho == 0.8
100,0.6,0.8,0.3,-0.01864283082160396,reg,yint,1,0.8885,0.09011072600428846,0.07798842102244195,0.07805077991480383,0.95,0.891,0.884,NA,-0.1683986412997185,0.09559307935503267,0.09378101683759978,-0.1987910928059958,-0.16789615579309777,-0.133834745587453,-0.016679028610278035,-0.1676262150458233,0.891,0.884,2000,italic(N) == 100,\beta_{xm} == 0.3,corr[XM] == 0.6,rho == 0.8
100,0.6,0.8,0.3,-0.01864283082160396,tspa,yint,1,0.941,0.10656614811977098,0.10762585705425932,0.10352187362858069,3.3000000000000003,0.848,0.865,0.007357465529807435,-0.044819664237400914,0.11288779970644797,0.11267595554962168,0.06529756498552393,0.04956643323249843,-0.028566993786514616,0.0046637472924422885,-0.07593446585230501,0.848,0.865,2000,italic(N) == 100,\beta_{xm} == 0.3,corr[XM] == 0.6,rho == 0.8
100,0.6,0.8,0.3,-0.01864283082160396,upi,yint,1,0.931,0.12977582126761697,0.13918777611122624,0.12273174819758728,5.35,0.7444999999999999,0.794,0.01940140223296431,-0.08414493622137764,0.1531714724003956,0.1519757673631974,0.1276611565750356,0.0333012384036958,-0.054278778598547794,0.006616729681156175,-0.17954368859441938,0.7445,0.794,2000,italic(N) == 100,\beta_{xm} == 0.3,corr[XM] == 0.6,rho == 0.8
100,0.6,0.9,0.3,0.011424256378218861,rapi,yint,1,0.9605,0.09022158313877827,0.09662515838132676,0.09451886358779349,1.55,0.9265,0.9365,0.006636018981357149,0.040886367358949016,0.09304342718230181,0.09282968959089619,0.07148595466172843,0.052709133712944646,0.047630293101875276,0.00532165103792831,0.02425807915983924,0.9265,0.9365,2000,italic(N) == 100,\beta_{xm} == 0.3,corr[XM] == 0.6,rho == 0.9
100,0.6,0.9,0.3,0.011424256378218861,reg,yint,1,0.885,0.08797693800635888,0.07514420605601053,0.07512287542797465,0.7000000000000001,0.944,0.9410000000000001,NA,-0.16101521962212229,0.09026907506931874,0.08956563672366699,0.12755177985800106,0.20013006419908833,-0.14610718296941805,0.013764141726668289,-0.16068349481618183,0.944,0.941,2000,italic(N) == 100,\beta_{xm} == 0.3,corr[XM] == 0.6,rho == 0.9
100,0.6,0.9,0.3,0.011424256378218861,tspa,yint,1,0.943,0.08711079629660329,0.08939119854317559,0.08819608665229678,1.4000000000000001,0.9335,0.9365,0.002614460124088431,-0.02370435921296521,0.09157604303397138,0.09156160778420912,0.02855410894760786,0.007249048739443485,0.012458735332853355,0.0013589274088894876,-0.03437102558452643,0.9335,0.9365,2000,italic(N) == 100,\beta_{xm} == 0.3,corr[XM] == 0.6,rho == 0.9
100,0.6,0.9,0.3,0.011424256378218861,upi,yint,1,0.9435,0.097938144196025,0.0969433923127661,0.09387941854455426,2.1999999999999997,0.92,0.9305,0.003216404433435768,-0.02790695066934279,0.09975338645261385,0.0997264535319096,0.03225226927784648,-0.006961647056817048,-0.04144172512955868,1.6681600523282825e-4,-0.05007913990575652,0.92,0.9305,2000,italic(N) == 100,\beta_{xm} == 0.3,corr[XM] == 0.6,rho == 0.9
250,0,0.7,0.3,-0.09131678608709701,rapi,yint,1,0.974,0.09941901943823372,0.12843764949500114,0.11570021571812922,5.2,0.847,0.877,0.02458062595396346,0.09257520930324503,0.12006860255892662,0.11755497324244447,0.20909898812420752,0.18056885606721426,0.16376339629873882,0.016766738892644406,0.004073312005411722,0.847,0.877,2000,italic(N) == 250,\beta_{xm} == 0.3,corr[XM] == 0,rho == 0.7
250,0,0.7,0.3,-0.09131678608709701,reg,yint,1,0.644,0.05853188372858392,0.05586718552370327,0.0559419025059749,1,0.933,0.9315,NA,-0.07283775373488244,0.10939715807029818,0.06025610484977439,-1.5154777481013846,-1.5223384834028253,-0.04424906662185912,-0.09010116642635813,-0.07167351925997456,0.933,0.9315,2000,italic(N) == 250,\beta_{xm} == 0.3,corr[XM] == 0,rho == 0.7
250,0,0.7,0.3,-0.09131678608709701,tspa,yint,1,0.951,0.09848659822392075,0.09962563036266096,0.09423331559241496,3.5999999999999996,0.908,0.9165,0.009345039400245548,-0.07638650909289368,0.10824225070082905,0.1078650662246346,0.0866363849513987,0.04611507017544629,-0.0431864102142655,0.0034157905536976174,-0.11593344863259358,0.908,0.9165,2000,italic(N) == 250,\beta_{xm} == 0.3,corr[XM] == 0,rho == 0.7
250,0,0.7,0.3,-0.09131678608709701,upi,yint,1,0.914,0.12408830748525451,0.13725191777257767,0.1224981359761354,3.5999999999999996,0.738,0.774,0.008373896068241071,-0.007224192007672214,0.13846953627332997,0.13825066713716533,0.06057038451708095,-0.0550758465813429,-0.012814837605131135,-0.0025004477835443573,-0.08249294905495297,0.738,0.774,2000,italic(N) == 250,\beta_{xm} == 0.3,corr[XM] == 0,rho == 0.7
250,0,0.8,0.3,-0.06284005659956853,rapi,yint,1,0.968,0.08200070380373245,0.09049235741517556,0.08776323301009266,3.6999999999999997,0.9665,0.9705,0.009316220395950666,0.061881743852494786,0.08570540156513143,0.085218865414213,0.10932110338090545,0.06509603786506579,0.07027414325799874,0.006399576289483233,0.030963567942978054,0.9665,0.9705,2000,italic(N) == 250,\beta_{xm} == 0.3,corr[XM] == 0,rho == 0.8
250,0,0.8,0.3,-0.06284005659956853,reg,yint,1,0.777,0.06022181448016023,0.05427936068739294,0.054352524863680335,1.15,0.978,0.9775,NA,-0.09008028527931466,0.08663465467659594,0.059652912019886144,-1.0534281474577456,-1.015551021918386,-0.09746118856006081,-0.0626162994704352,-0.08890523707186981,0.978,0.9775,2000,italic(N) == 250,\beta_{xm} == 0.3,corr[XM] == 0,rho == 0.8
250,0,0.8,0.3,-0.06284005659956853,tspa,yint,1,0.946,0.07854026753663207,0.07906995997756676,0.07751212061893496,2.6,0.9745,0.9765,0.0019686587879564413,-0.03156287308434291,0.08165029520733796,0.08164697302487155,0.02411184046414967,-0.020684196799095205,-0.013090697930428719,-3.3428346282848853e-4,-0.04778849878111169,0.9745,0.9765,2000,italic(N) == 250,\beta_{xm} == 0.3,corr[XM] == 0,rho == 0.8
250,0,0.8,0.3,-0.06284005659956853,upi,yint,1,0.934,0.09536294133352391,0.0973689073033722,0.0917473809766705,4.2,0.9485,0.9555,0.007319913674825715,-0.06083536565678904,0.10390830685796588,0.10367607951024,0.07060368900333201,-0.024298780819243335,-0.03791368330605793,3.702591235546504e-4,-0.10607634296390411,0.9485,0.9555,2000,italic(N) == 250,\beta_{xm} == 0.3,corr[XM] == 0,rho == 0.8
250,0,0.9,0.3,-0.030954918583024005,rapi,yint,1,0.9665,0.06673650584031328,0.07039814944496403,0.06972340967878657,1,0.994,0.994,0.004515550341827911,0.06971280491857645,0.06594864539853092,0.06581032695997552,0.06861461643511053,0.06648788326045137,0.04475667104328673,0.0035773088661321117,0.06242755089030405,0.994,0.994,2000,italic(N) == 250,\beta_{xm} == 0.3,corr[XM] == 0,rho == 0.9
250,0,0.9,0.3,-0.030954918583024005,reg,yint,1,0.9065,0.0552682885113284,0.05252629644732334,0.05248832687859177,0.75,0.995,0.995,NA,-0.06060210817822265,0.06389925432876767,0.05591485450905039,-0.5536081396404894,-0.5417184287745381,-0.05029939785754034,-0.03016575535808047,-0.060014833616103935,0.995,0.995,2000,italic(N) == 250,\beta_{xm} == 0.3,corr[XM] == 0,rho == 0.9
250,0,0.9,0.3,-0.030954918583024005,tspa,yint,1,0.9555,0.06531625037713708,0.06625934213026868,0.0657505634707374,0.95,0.9945,0.9945,6.091286653734857e-4,0.02369341410165604,0.06471245112989873,0.06472576771280167,0.009410914491988597,0.011997261415932301,0.006649388032726966,7.513209232035134e-6,0.01834020759191124,0.9945,0.9945,2000,italic(N) == 250,\beta_{xm} == 0.3,corr[XM] == 0,rho == 0.9
250,0,0.9,0.3,-0.030954918583024005,upi,yint,1,0.956,0.06879366943276721,0.07144606746855175,0.07033951608744984,1.7999999999999998,0.993,0.9935,0.0014726363539480161,0.024236474507879358,0.0697535473245887,0.06975544148911494,0.02111141901636173,-0.011653458002564095,0.02247076900285716,-4.957363969797512e-4,0.012234316367174536,0.993,0.9935,2000,italic(N) == 250,\beta_{xm} == 0.3,corr[XM] == 0,rho == 0.9
250,0.3,0.7,0.3,-0.07935803868258434,rapi,yint,1,0.975,0.09667032587348162,0.11886411712181916,0.10761148047324764,5.3,0.902,0.926,0.023311076173429635,0.09484575519744887,0.1110148907651512,0.1085669981890579,0.21471604228050847,0.13970131481273895,0.11318007362554439,0.014473618719251735,0.006937638557755532,0.902,0.926,2000,italic(N) == 250,\beta_{xm} == 0.3,corr[XM] == 0.3,rho == 0.7
250,0.3,0.7,0.3,-0.07935803868258434,reg,yint,1,0.676,0.06181670385816859,0.053855672684549674,0.05395389417456363,0.5499999999999999,0.965,0.9645,NA,-0.09837797633761991,0.099316787670695,0.05973198443599286,-1.3285685957348732,-1.277113845299157,-0.12719555060142462,-0.07913351319894266,-0.0969824413012037,0.965,0.9645,2000,italic(N) == 250,\beta_{xm} == 0.3,corr[XM] == 0.3,rho == 0.7
250,0.3,0.7,0.3,-0.07935803868258434,tspa,yint,1,0.948,0.0921275111477096,0.0924230395712265,0.08793632053214098,3.95,0.947,0.95,0.010717619233980128,-0.08392362018942523,0.10143269036763898,0.10089010218813592,0.10623063116731042,0.021598014508859325,-0.045493366350132014,0.0034832627971577157,-0.123249634661183,0.947,0.95,2000,italic(N) == 250,\beta_{xm} == 0.3,corr[XM] == 0.3,rho == 0.7
250,0.3,0.7,0.3,-0.07935803868258434,upi,yint,1,0.9225,0.12175965376809139,0.13118360209248883,0.11826367677205595,3.85,0.8049999999999999,0.8355,0.014177678870920913,-0.03263125227977437,0.13631407371443358,0.13560868324684464,0.10454845907701715,0.0029611782348600174,-0.02871211347803293,0.0026825642610256994,-0.10955119768545196,0.805,0.8355,2000,italic(N) == 250,\beta_{xm} == 0.3,corr[XM] == 0.3,rho == 0.7
250,0.3,0.8,0.3,-0.048564762503087854,rapi,yint,1,0.969,0.07697321860527341,0.08415060477195056,0.08153279605963168,3.1,0.9855,0.988,0.010052977581396241,0.07303775584732786,0.07904504948711029,0.07842278085126721,0.12818950657286957,0.0774987339939945,0.059235894470520245,0.006699658185110924,0.04677675685124916,0.9855,0.988,2000,italic(N) == 250,\beta_{xm} == 0.3,corr[XM] == 0.3,rho == 0.8
250,0.3,0.8,0.3,-0.048564762503087854,reg,yint,1,0.8235,0.06009031017736541,0.05212397233301002,0.052241596388244924,0.44999999999999996,0.9905,0.99,NA,-0.11650167238592224,0.07640334685149588,0.05899725070648733,-0.8231699260817871,-0.7814137694700067,-0.13061529830606378,-0.04834211974158231,-0.11526257399417494,0.9905,0.99,2000,italic(N) == 250,\beta_{xm} == 0.3,corr[XM] == 0.3,rho == 0.8
250,0.3,0.8,0.3,-0.048564762503087854,tspa,yint,1,0.949,0.075746599996391,0.07343625880207612,0.07209256725919705,2.15,0.9855,0.986,0.0038162810626468013,-0.03832993178170374,0.07643948838365014,0.07636325724282218,0.04997535726523142,-0.012314434126821806,-0.048240221176502285,0.0011516003112785334,-0.051363156338918414,0.9855,0.986,2000,italic(N) == 250,\beta_{xm} == 0.3,corr[XM] == 0.3,rho == 0.8
250,0.3,0.8,0.3,-0.048564762503087854,upi,yint,1,0.9445,0.0872042450764791,0.09078989395590999,0.08600066584585109,3.8,0.9735,0.976,0.008061730287013713,-0.05950576767280957,0.09684622424403021,0.09653423788815423,0.08351161684576779,-0.004467615959733756,-0.013801842210461879,0.001407029738216603,-0.10190614191957093,0.9735,0.976,2000,italic(N) == 250,\beta_{xm} == 0.3,corr[XM] == 0.3,rho == 0.8
250,0.3,0.9,0.3,-0.01865807270800865,rapi,yint,1,0.957,0.059516962028181866,0.06601087088700199,0.06545890510482108,1.3,0.998,0.999,0.005024709345091585,0.059061446014027075,0.0625162667884918,0.06232959488370204,0.08061514525269993,0.06898146619624107,0.09983612862877056,0.004553613003239254,0.05213737139142749,0.998,0.999,2000,italic(N) == 250,\beta_{xm} == 0.3,corr[XM] == 0.3,rho == 0.9
250,0.3,0.9,0.3,-0.01865807270800865,reg,yint,1,0.91,0.057058401873765034,0.05031016883776281,0.050335172992618624,0.7000000000000001,1,1,NA,-0.092433477642195,0.05847675591567211,0.055434139094355225,-0.3365809050673721,-0.28574134937380585,-0.11783065526477166,-0.017487327109544204,-0.09204317815499863,1,1,2000,italic(N) == 250,\beta_{xm} == 0.3,corr[XM] == 0.3,rho == 0.9
250,0.3,0.9,0.3,-0.01865807270800865,tspa,yint,1,0.949,0.058523802555462974,0.06196588368217917,0.06167210767083532,1.3,0.9985,0.999,0.0018101633424886772,0.007757561703635174,0.06150015123383035,0.061488879902250056,0.02943887326239034,0.006889421245749893,0.053795293161081004,0.0011393393439472765,0.0032117054009419554,0.9985,0.999,2000,italic(N) == 250,\beta_{xm} == 0.3,corr[XM] == 0.3,rho == 0.9
250,0.3,0.9,0.3,-0.01865807270800865,upi,yint,1,0.945,0.06192805842817694,0.06689788387861133,0.0659619495069651,1.4500000000000002,0.999,0.999,0.0023553777749093065,0.0035109650312330487,0.06668876918618763,0.0666638295043734,0.03533217027015788,0.017014376905636838,0.06513834247632033,6.468341706655778e-4,-0.0070790203483256375,0.999,0.999,2000,italic(N) == 250,\beta_{xm} == 0.3,corr[XM] == 0.3,rho == 0.9
250,0.6,0.7,0.3,-0.04249888485394124,rapi,yint,1,0.9745,0.08495809354617243,0.0978549862134157,0.09112733415786783,4,0.9785,0.985,0.01769990216729586,0.13729546081582278,0.08782244576235215,0.08604183308989981,0.20571275078254495,0.1410942306796864,0.07261510180124975,0.013186248582029714,0.07897442650156616,0.9785,0.985,2000,italic(N) == 250,\beta_{xm} == 0.3,corr[XM] == 0.6,rho == 0.7
250,0.6,0.7,0.3,-0.04249888485394124,reg,yint,1,0.8345,0.05900625681448633,0.050980480281781995,0.05111531520541722,0.4,0.9945,0.994,NA,-0.1454050102779837,0.07323278855673673,0.05965455086316968,-0.7124164751725545,-0.7182255522176262,-0.13373059121302955,-0.04248039498277911,-0.14427689037793245,0.9945,0.994,2000,italic(N) == 250,\beta_{xm} == 0.3,corr[XM] == 0.6,rho == 0.7
250,0.6,0.7,0.3,-0.04249888485394124,tspa,yint,1,0.944,0.07906724773187489,0.07764620690404869,0.07533494270149371,3,0.9885,0.9895,0.010262489648643874,-0.047471346103603373,0.0821391148561351,0.08151587523003168,0.1258955954246204,0.054546800199303934,-0.047204185518608166,0.006339890111034419,-0.07236603016710863,0.9885,0.9895,2000,italic(N) == 250,\beta_{xm} == 0.3,corr[XM] == 0.6,rho == 0.7
250,0.6,0.7,0.3,-0.04249888485394124,upi,yint,1,0.936,0.10730531501909375,0.11044359758170966,0.10080601524184117,3.35,0.946,0.954,0.016044106961206717,-0.04531614274324691,0.11676464464568487,0.11568604281114069,0.1386866260729394,0.015538389104305984,-0.06056829315580603,0.004391105887324331,-0.11096335274121238,0.946,0.954,2000,italic(N) == 250,\beta_{xm} == 0.3,corr[XM] == 0.6,rho == 0.7
250,0.6,0.8,0.3,-0.014572329118305236,rapi,yint,1,0.9695,0.06564008653781933,0.0728114573832265,0.07122696552833377,2.85,0.998,0.998,0.0073846871633155165,0.10964445336639894,0.06601485984852427,0.06561692545962246,0.11254241358595375,0.10272319735291204,0.08511382731489081,0.006412942006389144,0.0892549980269095,0.998,0.998,2000,italic(N) == 250,\beta_{xm} == 0.3,corr[XM] == 0.6,rho == 0.8
250,0.6,0.8,0.3,-0.014572329118305236,reg,yint,1,0.89,0.05917497268907495,0.04915278505759153,0.04915861236681952,0.4,0.9985,0.9985,NA,-0.15083826026492886,0.05967597731965924,0.05788389037985466,-0.2517510316372387,-0.23060155856649608,-0.16926683472901172,-0.013834555529349868,-0.1509627254479392,0.9985,0.9985,2000,italic(N) == 250,\beta_{xm} == 0.3,corr[XM] == 0.6,rho == 0.8
250,0.6,0.8,0.3,-0.014572329118305236,tspa,yint,1,0.951,0.06539069321177281,0.06359522190829904,0.06258315921245491,1.55,0.999,0.999,0.003028329501184522,-0.0057911863138263575,0.06402132849768748,0.06396565895700573,0.04734305173374379,0.048974014748843275,-0.042934764282517635,0.0029132049788795356,-0.016603334253627366,0.999,0.999,2000,italic(N) == 250,\beta_{xm} == 0.3,corr[XM] == 0.6,rho == 0.8
250,0.6,0.8,0.3,-0.014572329118305236,upi,yint,1,0.949,0.07554392154254616,0.07807634610867778,0.07499150689680203,3.35,0.9965,0.9975,0.00559091885477362,-0.007353463725041864,0.07883357007290696,0.07865473081855495,0.0710817874092161,0.022334466898257226,-0.007312496286455139,0.0012459675826128613,-0.039249453852195915,0.9965,0.9975,2000,italic(N) == 250,\beta_{xm} == 0.3,corr[XM] == 0.6,rho == 0.8
250,0.6,0.9,0.3,0.015657271396368355,rapi,yint,1,0.9565,0.05675882823268638,0.058176247232227425,0.057888049617445994,1.0999999999999999,0.9995,0.9995,0.0031617293351975887,0.020380878609555175,0.057087612992512575,0.057014246789397496,0.05545507506003844,0.038100414682293506,0.01989507923120426,0.0026820567363492476,0.015383471289331485,0.9995,0.9995,2000,italic(N) == 250,\beta_{xm} == 0.3,corr[XM] == 0.6,rho == 0.9
250,0.6,0.9,0.3,0.015657271396368355,reg,yint,1,0.8625,0.05712336522336776,0.047192863600631615,0.047229574028578844,0.5,0.9995,0.9995,NA,-0.18856846851653464,0.060216652810576275,0.05816000706104341,0.26921027330575875,0.28206184490110003,-0.17320042606211172,0.01560066693770279,-0.18829880880899985,0.9995,0.9995,2000,italic(N) == 250,\beta_{xm} == 0.3,corr[XM] == 0.6,rho == 0.9
250,0.6,0.9,0.3,0.015657271396368355,tspa,yint,1,0.945,0.05654753480437817,0.05464933450082356,0.054428863846014836,0.8,1,1,0.001044981308085228,-0.03159542190950593,0.05642790495051575,0.056432338030228485,0.018517420056660967,0.0022063013350686073,-0.03746707908121394,5.41144643751934e-4,-0.034476720387311977,1,1,2000,italic(N) == 250,\beta_{xm} == 0.3,corr[XM] == 0.6,rho == 0.9
250,0.6,0.9,0.3,0.015657271396368355,upi,yint,1,0.9425,0.06118643261460654,0.05909535806359995,0.05848307382490127,0.8500000000000001,1,1,0.0013994870072162398,-0.02130528779441443,0.06038293259962874,0.0603818099010903,0.02317729477650172,0.007112352289732144,-0.044182323992196904,8.766609085771315e-4,-0.027968534199841244,1,1,2000,italic(N) == 250,\beta_{xm} == 0.3,corr[XM] == 0.6,rho == 0.9
500,0,0.7,0.3,-0.0916612555927754,rapi,yint,1,0.966,0.07183689196095885,0.08211185955555739,0.07842550673028473,3.55,0.9965,0.997,0.010921927359695738,0.06281972968052085,0.07800756434604313,0.07725850138314601,0.14136861528715003,0.07161818108775105,0.09171631162587857,0.0066321661911968866,0.024164066507085247,0.9965,0.997,2000,italic(N) == 500,\beta_{xm} == 0.3,corr[XM] == 0,rho == 0.7
500,0,0.7,0.3,-0.0916612555927754,reg,yint,1,0.375,0.04509630722718461,0.03946082256216277,0.03951773391183781,0.95,0.998,0.998,NA,-0.09857695840105896,0.10157351111651436,0.043776141435398964,-2.093863291447035,-2.044321551914718,-0.1237035504313746,-0.09167859545761564,-0.09760822524080526,0.998,0.998,2000,italic(N) == 500,\beta_{xm} == 0.3,corr[XM] == 0,rho == 0.7
500,0,0.7,0.3,-0.0916612555927754,tspa,yint,1,0.936,0.06990879500371219,0.0672757047104833,0.06552487220894028,2.8000000000000003,0.997,0.997,0.002825969989769594,-0.08156445534221979,0.07328651870643865,0.07325032780122966,0.0385796224344288,-0.03218416808102865,-0.06270917406799992,-6.406687119886456e-4,-0.10060888364882359,0.997,0.997,2000,italic(N) == 500,\beta_{xm} == 0.3,corr[XM] == 0,rho == 0.7
500,0,0.7,0.3,-0.0916612555927754,upi,yint,1,0.934,0.09355275178239733,0.09476556404953122,0.08935425247952075,1.7999999999999998,0.9805,0.984,0.007512026955227819,-0.007838933397769754,0.09578543450367263,0.09551429424061841,0.07864819621975787,-0.023448125882343858,-0.04487841589782671,9.120364930731983e-4,-0.04754806836492309,0.9805,0.984,2000,italic(N) == 500,\beta_{xm} == 0.3,corr[XM] == 0,rho == 0.7
500,0,0.8,0.3,-0.06048237625142206,rapi,yint,1,0.9665,0.05750439835490885,0.06146103630141215,0.06062498210700208,1.7999999999999998,1,1,0.006001045186818615,0.058654296525791016,0.058350705007948804,0.058055813406803505,0.10336682641527406,0.09361088346121474,0.05426687073279912,0.004709070273723526,0.04648539048435629,1,1,2000,italic(N) == 500,\beta_{xm} == 0.3,corr[XM] == 0,rho == 0.8
500,0,0.8,0.3,-0.06048237625142206,reg,yint,1,0.65,0.04300860397498768,0.038338918422677226,0.03837623238423262,0.8999999999999999,1,1,NA,-0.08432977924088625,0.07355488074435809,0.04186978843856393,-1.4445350336596183,-1.3895094197878972,-0.10770802031726223,-0.0599933306819162,-0.08375043896086098,1,1,2000,italic(N) == 500,\beta_{xm} == 0.3,corr[XM] == 0,rho == 0.8
500,0,0.8,0.3,-0.06048237625142206,tspa,yint,1,0.9455,0.05633056611263916,0.05472915455407906,0.05428796310557395,1.5,1,1,0.001615475079180721,-0.03298712792635228,0.05660500353362752,0.05659609725434026,0.028543930722304475,0.008982836833115296,-0.03626100620009398,3.843335345592447e-4,-0.039965784050830844,1,1,2000,italic(N) == 500,\beta_{xm} == 0.3,corr[XM] == 0,rho == 0.8
500,0,0.8,0.3,-0.06048237625142206,upi,yint,1,0.9415,0.06702008517973428,0.06650627767920551,0.06453854898374506,2.45,0.9995,0.9995,0.003606691567760985,-0.03370724083148113,0.06890347023018668,0.068826219640136,0.05240287185056665,0.00992963920651724,-0.03702675383557397,8.471733619592747e-4,-0.054089860682397406,0.9995,0.9995,2000,italic(N) == 500,\beta_{xm} == 0.3,corr[XM] == 0,rho == 0.8
500,0,0.9,0.3,-0.03145929972810542,rapi,yint,1,0.9575,0.05011151648604064,0.04920426188687348,0.048989812639752675,1,1,1,0.0024463427106805294,0.00426561594008068,0.04904406694720636,0.04899526689541588,0.04993018439724819,0.04071659522488015,-0.022384152884306174,0.002533719468564677,7.61261889227427e-4,1,1,2000,italic(N) == 500,\beta_{xm} == 0.3,corr[XM] == 0,rho == 0.9
500,0,0.9,0.3,-0.03145929972810542,reg,yint,1,0.849,0.04268080234964031,0.03715154650368787,0.03716963786532353,0.44999999999999996,1,1,NA,-0.10281834535616119,0.05199566744728268,0.04140916871337077,-0.7597182147234796,-0.7225814189836093,-0.12912513778840018,-0.030693087845369282,-0.10216261212403421,1,1,2000,italic(N) == 500,\beta_{xm} == 0.3,corr[XM] == 0,rho == 0.9
500,0,0.9,0.3,-0.03145929972810542,tspa,yint,1,0.9435,0.049736684525941204,0.046522868667225416,0.04638692743680724,0.8999999999999999,1,1,-4.599022482569834e-4,-0.035635213860527704,0.04823211268685766,0.04824198201332602,-0.009533237007756904,-0.027074052937650694,-0.06734982681418644,-4.6639504128137554e-4,-0.037845479594882825,1,1,2000,italic(N) == 500,\beta_{xm} == 0.3,corr[XM] == 0,rho == 0.9
500,0,0.9,0.3,-0.03145929972810542,upi,yint,1,0.9405,0.053209712971799175,0.05010849553421793,0.049712324256456934,1.15,1,1,3.4299142149464123e-4,-0.03205238826465684,0.051755969370676815,0.051767776403087634,0.00662557763393087,-0.04427149827241746,-0.06572838904798894,-4.7920813259794137e-4,-0.036708017538442994,1,1,2000,italic(N) == 500,\beta_{xm} == 0.3,corr[XM] == 0,rho == 0.9
500,0.3,0.7,0.3,-0.08000490233064907,rapi,yint,1,0.9695,0.06551211041448642,0.0751637216940681,0.07220187399495537,3.15,0.999,0.999,0.006851663594815211,0.10118195387667117,0.06858335505767757,0.06825731336175365,0.1003799191231334,0.07218064557642749,0.1021149149087659,0.0037795332323790065,0.0663457094696831,0.999,0.999,2000,italic(N) == 500,\beta_{xm} == 0.3,corr[XM] == 0.3,rho == 0.7
500,0.3,0.7,0.3,-0.08000490233064907,reg,yint,1,0.4725,0.04332854621673956,0.03805780919441453,0.03807117560861685,0.75,0.9995,0.9995,NA,-0.09760190849264139,0.09043532542164755,0.04217407987958293,-1.8970159529047737,-1.7890856097765262,-0.12133734147977426,-0.0788759728548937,-0.09693309794512839,0.9995,0.9995,2000,italic(N) == 500,\beta_{xm} == 0.3,corr[XM] == 0.3,rho == 0.7
500,0.3,0.7,0.3,-0.08000490233064907,tspa,yint,1,0.9385,0.06334418687587741,0.061581499426287795,0.06005945457977207,2.25,0.999,0.999,6.239885200496441e-4,-0.05854125229047391,0.06539734742607618,0.06541072519227141,0.009539544443444903,-0.026279640283293833,-0.05185530761554735,-0.001649074504370296,-0.07710674098559478,0.999,0.999,2000,italic(N) == 500,\beta_{xm} == 0.3,corr[XM] == 0.3,rho == 0.7
500,0.3,0.7,0.3,-0.08000490233064907,upi,yint,1,0.9425,0.0841569815609808,0.0874504465232388,0.08340123361309174,3.1,0.9935,0.995,0.006317893663821661,-0.0022668335867228606,0.08785468130247777,0.0876491325206838,0.07208164510163019,-0.020237529042997537,-0.00898021689788675,-6.128082910656363e-4,-0.042850151745486564,0.9935,0.995,2000,italic(N) == 500,\beta_{xm} == 0.3,corr[XM] == 0.3,rho == 0.7
500,0.3,0.8,0.3,-0.04773608129755057,rapi,yint,1,0.9705,0.05385954532958747,0.05736153143219368,0.056751576959102996,1.9,1,1,0.006024686198378127,0.06948121797198992,0.05395889471913591,0.05363491239328711,0.11232769719471364,0.0953222827124782,0.05369580474209479,0.0049492075436902705,0.05919169675023794,1,1,2000,italic(N) == 500,\beta_{xm} == 0.3,corr[XM] == 0.3,rho == 0.8
500,0.3,0.8,0.3,-0.04773608129755057,reg,yint,1,0.734,0.04146397758311209,0.03682111011990027,0.03690635324715727,0.35000000000000003,1,1,NA,-0.11871284202292065,0.06343120258417223,0.041781058292532064,-1.1425292524503363,-1.1903709783973406,-0.10991768280839276,-0.048289234052261265,-0.11761152197974012,1,1,2000,italic(N) == 500,\beta_{xm} == 0.3,corr[XM] == 0.3,rho == 0.8
500,0.3,0.8,0.3,-0.04773608129755057,tspa,yint,1,0.945,0.05322359217702546,0.05083837031979888,0.05047223932382885,1.8499999999999999,1,1,0.002128009008999951,-0.03595701772597237,0.052764291361620724,0.05273454737451547,0.04035322411866071,0.03308161819672822,-0.0516942344674034,0.001321606326694369,-0.04170838770284013,1,1,2000,italic(N) == 500,\beta_{xm} == 0.3,corr[XM] == 0.3,rho == 0.8
500,0.3,0.8,0.3,-0.04773608129755057,upi,yint,1,0.9465,0.0639866373123572,0.06206730960560724,0.060390251522114684,3.1,1,1,0.0037971621585379785,-0.03074493679744328,0.06413259414745733,0.064036095308626,0.059297215738050836,-0.020805799348572275,-0.056205263181535736,1.2842495355480654e-4,-0.052274293302327024,1,1,2000,italic(N) == 500,\beta_{xm} == 0.3,corr[XM] == 0.3,rho == 0.8
500,0.3,0.9,0.3,-0.018825375564597374,rapi,yint,1,0.952,0.044647042215578886,0.04589286920723231,0.04559305005961632,1.0999999999999999,1,1,0.0020375038292930153,0.023506822775260616,0.04487391956151306,0.044838850299788735,0.045440590373536385,0.04345703679392904,0.021188589368801303,0.0017486750812366614,0.019331821001276728,1,1,2000,italic(N) == 500,\beta_{xm} == 0.3,corr[XM] == 0.3,rho == 0.9
500,0.3,0.9,0.3,-0.018825375564597374,reg,yint,1,0.8945,0.0400075571511532,0.035546294479729755,0.03551840568474355,0.65,1,1,NA,-0.12353269337066852,0.04470333317965394,0.040556326757277106,-0.46417851590120957,-0.48448802981530903,-0.11220758741777492,-0.019100621672301865,-0.12347479665577188,1,1,2000,italic(N) == 500,\beta_{xm} == 0.3,corr[XM] == 0.3,rho == 0.9
500,0.3,0.9,0.3,-0.018825375564597374,tspa,yint,1,0.94,0.044960247790448084,0.04330038516279819,0.04310563955181343,0.75,1,1,-4.567449395367432e-4,-0.02790890458301787,0.04453475171189123,0.044543546759086734,-0.010253896978770796,-0.007792899401534172,-0.041249955900569346,-5.211670368494015e-4,-0.03063647875339548,1,1,2000,italic(N) == 500,\beta_{xm} == 0.3,corr[XM] == 0.3,rho == 0.9
500,0.3,0.9,0.3,-0.018825375564597374,upi,yint,1,0.937,0.04708722734583766,0.04671551203429216,0.04628466937311198,1.25,1,1,-9.590405657640661e-5,-0.03370754562508249,0.0483331142920426,0.04834510693195037,-0.001983738637942882,-0.04039004102493286,-0.01704406944225445,-0.0010686525289104742,-0.03938118990985506,1,1,2000,italic(N) == 500,\beta_{xm} == 0.3,corr[XM] == 0.3,rho == 0.9
500,0.6,0.7,0.3,-0.042339766988608626,rapi,yint,1,0.9705,0.055925063814639235,0.06384646168406864,0.061971822075802346,2.4,1,1,0.007386856483742878,0.11714837100475561,0.05761251216837293,0.05715128208677024,0.12925093215805275,0.05772018925484971,0.10812250981428972,0.005085977004931241,0.09073630905759411,1,1,2000,italic(N) == 500,\beta_{xm} == 0.3,corr[XM] == 0.6,rho == 0.7
500,0.6,0.7,0.3,-0.042339766988608626,reg,yint,1,0.7525,0.042860377763070084,0.03600828043043432,0.036022742585092554,0.7000000000000001,1,1,NA,-0.17038562437459026,0.060626640630455815,0.043403636060777344,-0.9754889412795051,-1.0031913484883814,-0.15953277910371244,-0.04223091814446739,-0.16956841813649703,1,1,2000,italic(N) == 500,\beta_{xm} == 0.3,corr[XM] == 0.6,rho == 0.7
500,0.6,0.7,0.3,-0.042339766988608626,tspa,yint,1,0.934,0.05397379923457817,0.052508984610195854,0.05158231250946416,2.25,1,1,0.0037075626342967572,-0.06408664036223155,0.05621290866689756,0.05610453581998091,0.06608311752534594,0.005006900239300446,-0.04430828955953714,0.0019140761583352206,-0.0772650608964337,1,1,2000,italic(N) == 500,\beta_{xm} == 0.3,corr[XM] == 0.6,rho == 0.7
500,0.6,0.7,0.3,-0.042339766988608626,upi,yint,1,0.9425,0.07446270531706417,0.0740387631558009,0.07103435785888024,2.5,1,1,0.008240821439428945,-0.046096031945761284,0.07803353370160636,0.0776165794831782,0.10617346827574353,0.025266298603574783,-0.046041134868602174,0.002399918673691659,-0.08043571930663396,1,1,2000,italic(N) == 500,\beta_{xm} == 0.3,corr[XM] == 0.6,rho == 0.7
500,0.6,0.8,0.3,-0.012554301055509705,rapi,yint,1,0.9595,0.0447041378886632,0.049900125548996824,0.04921386466739465,1.8499999999999999,1,1,0.004770909557689577,0.05906431743836027,0.04734638682947271,0.047117181390544875,0.10125625975256113,0.05634953392526326,0.10087940382528005,0.003450481622656043,0.048803879970297004,1,1,2000,italic(N) == 500,\beta_{xm} == 0.3,corr[XM] == 0.6,rho == 0.8
500,0.6,0.8,0.3,-0.012554301055509705,reg,yint,1,0.888,0.041315954770961456,0.03469260756524278,0.034699214491268456,0.44999999999999996,1,1,NA,-0.173621766750353,0.04380840770723536,0.04198151181792106,-0.29904356731980575,-0.3319799331967913,-0.16014976094279965,-0.012682315591569404,-0.17322990991614418,1,1,2000,italic(N) == 500,\beta_{xm} == 0.3,corr[XM] == 0.6,rho == 0.8
500,0.6,0.8,0.3,-0.012554301055509705,tspa,yint,1,0.9365,0.044617313631634424,0.044119345394062044,0.04385876747267932,1.6,1,1,0.0020894452734153855,-0.04889305233149066,0.046422812760356716,0.046387365271816965,0.04504341346338179,-0.011376755198747271,-0.01700116159430276,7.027413101683977e-4,-0.05382394893316822,1,1,2000,italic(N) == 500,\beta_{xm} == 0.3,corr[XM] == 0.6,rho == 0.8
500,0.6,0.8,0.3,-0.012554301055509705,upi,yint,1,0.9415,0.05362656375958827,0.05364094473461095,0.05244359184134726,2.1,1,1,0.003174130372729473,-0.027823582471279362,0.05525359375230383,0.05517614269122739,0.057527224954674466,-0.018976474579166184,-0.022059439115740376,2.6153678135598657e-4,-0.044123108438464675,1,1,2000,italic(N) == 500,\beta_{xm} == 0.3,corr[XM] == 0.6,rho == 0.8
500,0.6,0.9,0.3,0.014705382318357416,rapi,yint,1,0.9565,0.038070651815608265,0.0405501065589286,0.04045435398806049,0.8500000000000001,1,1,5.8272679329774e-4,0.041979677890722655,0.03891104162209824,0.03891640827488507,0.014973807171043706,0.01573649684798842,0.0626125915573359,1.3654437167442968e-4,0.039565378767613346,1,1,2000,italic(N) == 500,\beta_{xm} == 0.3,corr[XM] == 0.6,rho == 0.9
500,0.6,0.9,0.3,0.014705382318357416,reg,yint,1,0.8715,0.039329429533439944,0.03335335117247276,0.03335372512493835,0.6,1,1,NA,-0.16546999728542233,0.04257676658454425,0.03996662919724904,0.36794152055659557,0.3788792513045241,-0.15193976824455935,0.015051688473503855,-0.16499868085972902,1,1,2000,italic(N) == 500,\beta_{xm} == 0.3,corr[XM] == 0.6,rho == 0.9
500,0.6,0.9,0.3,0.014705382318357416,tspa,yint,1,0.9465,0.03799634534914563,0.03823859046034176,0.038156209310952316,1,1,1,-8.883306680097631e-4,-0.012412035035374358,0.038719684857099,0.03871917420714156,-0.022942913587395235,-0.024813469159756137,0.004207351005411475,-0.0013020350424582938,-0.013688169587137144,1,1,2000,italic(N) == 500,\beta_{xm} == 0.3,corr[XM] == 0.6,rho == 0.9
500,0.6,0.9,0.3,0.014705382318357416,upi,yint,1,0.945,0.03974901722802979,0.04130307598355064,0.04121079881852037,1.25,1,1,-0.0011609577827232434,-0.006469030378870033,0.04157782385207002,0.041572006556877664,-0.027926431242496014,-0.07082302190877011,0.036775288860721345,-0.0021672734576813624,-0.009881503547865322,1,1,2000,italic(N) == 500,\beta_{xm} == 0.3,corr[XM] == 0.6,rho == 0.9
